Workbook

Sheet Site List
A2: REQUEST FOR PROPOSAL - THE EDEN PARK TRUST
A4: Postal Address: | B4: Private Bag 56906, Mount Eden, Auckland 1446
A6: TIME OF USE CONNECTIONS:
A8: ICP Number: | B8: Physical Address: | C8: GXP: | D8: Commencement: | E8: Load Group: | F8: Loss Factor: | G8: Capacity: | H8: Demand: | I8: Meter Owner: | J8: Category: | K8: Installation Type: | L8: Current Supplier: | M8: Est. Usage:
A9: 0132426315LC55E | B9: 2 A Reimers Avenue, Morningside, Auckland | C9: ROS1101 | D9: 46054 | E9: AHVT | F9: VECA3 | G9: 650 | I9: AMCI | J9: 4 | K9: L | L9: Mercury | M9: ='48 Part'!B16 -> 1403702.5
A10: 0138572097LCAAE | B10: Walters Road, Kingsland, Auckland | C10: ROS1101 | D10: 46054 | E10: ATXT | F10: VECA3 | G10: 750 | I10: AMCI | J10: 4 | K10: L | L10: Mercury | M10: ='48 Part'!B42 -> 1294789.2
A11: 0157195775LCCFD | B11: Walters Road, Kingsland, Auckland | C11: ROS1101 | D11: 46054 | E11: ATXT | F11: VECA3 | G11: 1500 | I11: AMCI | J11: 3 | K11: L | L11: Mercury | M11: ='48 Part'!B68 -> 1695359.4
A12: 1001153957LC737 | B12: 4-42 Reimers Avenue, Mount Eden, Auckland | C12: ROS1101 | D12: 46054 | E12: ATXT | F12: VECA3 | G12: 1000 | I12: AMCI | J12: 4 | K12: L | L12: Mercury | M12: ='48 Part'!B94 -> 2283477.7
A14: NON TIME OF USE CONNECTIONS: | L14: TOU Total | M14: =SUM(M9:M12) -> 6677328.8 | N14: kWh/annum
A16: ICP Number: | B16: Physical Address: | C16: GXP: | D16: Commencement: | E16: Load Group: | F16: Loss Factor: | G16: Capacity: | H16: Demand: | I16: Meter Owner: | J16: Category: | K16: Installation Type: | L16: Current Supplier: | M16: Est. Usage:
A17: 0157211029LCDF8 | B17: 86 Sandringham Road, Morningside, Auckland | C17: ROS1101 | D17: 46054 | E17: ABSH | F17: VECA1 | G17: 41 | H17: 41 | I17: NGCM | J17: 1 | K17: L | L17: Contact Energy | M17: 19796
A18: 1001140332LC583 | B18: Reimers Avenue, Morningside, Auckland | C18: ROS1101 | D18: 46054 | E18: ABSH | F18: VECA1 | G18: 41 | H18: 41 | I18: NGCM | J18: 1 | K18: L | L18: Contact Energy | M18: 70757
L20: NTOU Total | M20: =SUM(M17:M18) -> 90553 | N20: kWh/annum
L22: TOTAL ELECTRICITY | M22: =M20+M14 -> 6767881.8 | N22: kWh/annum
A23: NON TIME OF USE GAS CONNECTIONS:
A25: ICP Number: | B25: Physical Address: | C25: Gas gate: | D25: Commencement: | E25: Price cat: | F25: Meter cat: | L25: Current Supplier: | M25: Est. Usage:
A26: 0000161061QTA32 | B26: 58 Walters Road Kingsland Auckland | C26: WKM17701 | D26: 45931 | E26: GA03 | F26: M11BR14H | L26: Nova Energy | M26: 275782.91
A27: 1001154923QTDE1 | B27: 2A Reimers Avenue Morningside Auckland | C27: WKM17701 | D27: 45931 | E27: GA04 | F27: M11BR30H | L27: Nova Energy | M27: 953762.75
L29: TOTAL NATURAL GAS | M29: =SUM(M26:M27) -> 1229545.7 | N29: kWh/annum
A30: All totals are estimates based on historical information | M30: =M29/277.78 -> 4426.329 | N30: GJ/annum
A31: No liability is accepted for any error or omission

Sheet 48 Part
A2: ='Site List'!A2:M2 -> REQUEST FOR PROPOSAL - THE EDEN PARK TRUST
A5: Postal address: | B5: ='Site List'!B4 -> Private Bag 56906, Mount Eden, Auckland 1446
A7: Physical address: | B7: =VLOOKUP(B8,'Site List'!$A$9:$M$21,2,FALSE) -> 2 A Reimers Avenue, Morningside, Auckland
A8: ICP Number: | B8: ='Site List'!A9 -> 0132426315LC55E
A9: GXP: | B9: =VLOOKUP(B8,'Site List'!$A$9:$M$21,3,FALSE) -> ROS1101
A10: Commencement: | B10: =VLOOKUP(B8,'Site List'!$A$9:$M$21,4,FALSE) -> 46054
A11: Load Group: | B11: =VLOOKUP(B8,'Site List'!$A$9:$M$21,5,FALSE) -> AHVT | C11: Demand: | D11: =VLOOKUP(B8,'Site List'!$A$9:$M$21,8,FALSE)
A12: Loss Factor: | B12: =VLOOKUP(B8,'Site List'!$A$9:$M$21,6,FALSE) -> VECA3 | C12: Capacity: | D12: =VLOOKUP(B8,'Site List'!$A$9:$M$21,7,FALSE) -> 650
A13: Meter owner: | B13: =VLOOKUP(B8,'Site List'!$A$9:$M$21,9,FALSE) -> AMCI | C13: Cat: | D13: =VLOOKUP(B8,'Site List'!$A$9:$M$21,10,FALSE) -> 4
A14: Installation type: | B14: =VLOOKUP(B8,'Site List'!$A$9:$M$21,11,FALSE) -> L
A15: Current supplier: | B15: =VLOOKUP(B8,'Site List'!$A$9:$M$21,12,FALSE) -> Mercury
A16: Est. Usage: | B16: =SUM(B20:E31) -> 1403702.5 | C16: kWh/annum
A18: kWh | B18: Business Day | D18: Non Business day
B19: 0000-0800 | C19: 0800-2400 | D19: 0000-0800 | E19: 0800-2400
A20: =B10 -> 46054 | B20: =SUM('144 Part'!B20:C20) -> 20820.48 | C20: =SUM('144 Part'!D20:G20) -> 51114.88 | D20: =SUM('144 Part'!H20:I20) -> 8285.24 | E20: =SUM('144 Part'!J20:M20) -> 20609.16
A21: =DATE(YEAR(A20),MONTH(A20)+1,DAY(A20)) -> 46082 | B21: =SUM('144 Part'!B21:C21) -> 23047.12 | C21: =SUM('144 Part'!D21:G21) -> 62829.37 | D21: =SUM('144 Part'!H21:I21) -> 11461.88 | E21: =SUM('144 Part'!J21:M21) -> 25105.32
A22: =DATE(YEAR(A21),MONTH(A21)+1,DAY(A21)) -> 46113 | B22: =SUM('144 Part'!B22:C22) -> 24177 | C22: =SUM('144 Part'!D22:G22) -> 56895.92 | D22: =SUM('144 Part'!H22:I22) -> 9279.52 | E22: =SUM('144 Part'!J22:M22) -> 24257.72
A23: =DATE(YEAR(A22),MONTH(A22)+1,DAY(A22)) -> 46143 | B23: =SUM('144 Part'!B23:C23) -> 26464.28 | C23: =SUM('144 Part'!D23:G23) -> 67966.16 | D23: =SUM('144 Part'!H23:I23) -> 10989.36 | E23: =SUM('144 Part'!J23:M23) -> 26336.8
A24: =DATE(YEAR(A23),MONTH(A23)+1,DAY(A23)) -> 46174 | B24: =SUM('144 Part'!B24:C24) -> 24740.04 | C24: =SUM('144 Part'!D24:G24) -> 62786.48 | D24: =SUM('144 Part'!H24:I24) -> 10196.12 | E24: =SUM('144 Part'!J24:M24) -> 22749.96
A25: =DATE(YEAR(A24),MONTH(A24)+1,DAY(A24)) -> 46204 | B25: =SUM('144 Part'!B25:C25) -> 31608.4 | C25: =SUM('144 Part'!D25:G25) -> 74988.08 | D25: =SUM('144 Part'!H25:I25) -> 11161.52 | E25: =SUM('144 Part'!J25:M25) -> 27044.4
A26: =DATE(YEAR(A25),MONTH(A25)+1,DAY(A25)) -> 46235 | B26: =SUM('144 Part'!B26:C26) -> 21774.96 | C26: =SUM('144 Part'!D26:G26) -> 54903.4 | D26: =SUM('144 Part'!H26:I26) -> 9894.36 | E26: =SUM('144 Part'!J26:M26) -> 23878
A27: =DATE(YEAR(A26),MONTH(A26)+1,DAY(A26)) -> 46266 | B27: =SUM('144 Part'!B27:C27) -> 22169.76 | C27: =SUM('144 Part'!D27:G27) -> 53140.16 | D27: =SUM('144 Part'!H27:I27) -> 8792.56 | E27: =SUM('144 Part'!J27:M27) -> 21007.08
A28: =DATE(YEAR(A27),MONTH(A27)+1,DAY(A27)) -> 46296 | B28: =SUM('144 Part'!B28:C28) -> 26396.64 | C28: =SUM('144 Part'!D28:G28) -> 63609.08 | D28: =SUM('144 Part'!H28:I28) -> 8735 | E28: =SUM('144 Part'!J28:M28) -> 19109.8
A29: =DATE(YEAR(A28),MONTH(A28)+1,DAY(A28)) -> 46327 | B29: =SUM('144 Part'!B29:C29) -> 24186 | C29: =SUM('144 Part'!D29:G29) -> 59282.4 | D29: =SUM('144 Part'!H29:I29) -> 10762.08 | E29: =SUM('144 Part'!J29:M29) -> 24003.2
A30: =DATE(YEAR(A29),MONTH(A29)+1,DAY(A29)) -> 46357 | B30: =SUM('144 Part'!B30:C30) -> 21875.56 | C30: =SUM('144 Part'!D30:G30) -> 51286.32 | D30: =SUM('144 Part'!H30:I30) -> 8727.72 | E30: =SUM('144 Part'!J30:M30) -> 19273.6
A31: =DATE(YEAR(A30),MONTH(A30)+1,DAY(A30)) -> 46388 | B31: =SUM('144 Part'!B31:C31) -> 23852.12 | C31: =SUM('144 Part'!D31:G31) -> 60391.24 | D31: =SUM('144 Part'!H31:I31) -> 9255.96 | E31: =SUM('144 Part'!J31:M31) -> 22480.28
A33: Physical address: | B33: =VLOOKUP(B34,'Site List'!$A$9:$M$21,2,FALSE) -> Walters Road, Kingsland, Auckland
A34: ICP Number: | B34: ='Site List'!A10 -> 0138572097LCAAE
A35: GXP: | B35: =VLOOKUP(B34,'Site List'!$A$9:$M$21,3,FALSE) -> ROS1101
A36: Commencement: | B36: =VLOOKUP(B34,'Site List'!$A$9:$M$21,4,FALSE) -> 46054
A37: Load Group: | B37: =VLOOKUP(B34,'Site List'!$A$9:$M$21,5,FALSE) -> ATXT | C37: Demand: | D37: =VLOOKUP(B34,'Site List'!$A$9:$M$21,8,FALSE)
A38: Loss Factor: | B38: =VLOOKUP(B34,'Site List'!$A$9:$M$21,6,FALSE) -> VECA3 | C38: Capacity: | D38: =VLOOKUP(B34,'Site List'!$A$9:$M$21,7,FALSE) -> 750
A39: Meter owner: | B39: =VLOOKUP(B34,'Site List'!$A$9:$M$21,9,FALSE) -> AMCI | C39: Cat: | D39: =VLOOKUP(B34,'Site List'!$A$9:$M$21,10,FALSE) -> 4
A40: Installation type: | B40: =VLOOKUP(B34,'Site List'!$A$9:$M$21,11,FALSE) -> L
A41: Current supplier: | B41: =VLOOKUP(B34,'Site List'!$A$9:$M$21,12,FALSE) -> Mercury
A42: Est. Usage: | B42: =SUM(B46:E57) -> 1294789.2 | C42: kWh/annum
A44: kWh | B44: Business Day | D44: Non Business day
B45: 0000-0800 | C45: 0800-2400 | D45: 0000-0800 | E45: 0800-2400
A46: =B36 -> 46054 | B46: =SUM('144 Part'!B46:C46) -> 17292.16 | C46: =SUM('144 Part'!D46:G46) -> 49905.088 | D46: =SUM('144 Part'!H46:I46) -> 6957.792 | E46: =SUM('144 Part'!J46:M46) -> 19050.464
A47: =DATE(YEAR(A46),MONTH(A46)+1,DAY(A46)) -> 46082 | B47: =SUM('144 Part'!B47:C47) -> 18488.032 | C47: =SUM('144 Part'!D47:G47) -> 57052.64 | D47: =SUM('144 Part'!H47:I47) -> 10182.912 | E47: =SUM('144 Part'!J47:M47) -> 24371.392
A48: =DATE(YEAR(A47),MONTH(A47)+1,DAY(A47)) -> 46113 | B48: =SUM('144 Part'!B48:C48) -> 18355.456 | C48: =SUM('144 Part'!D48:G48) -> 48576.832 | D48: =SUM('144 Part'!H48:I48) -> 7240.768 | E48: =SUM('144 Part'!J48:M48) -> 20079.808
A49: =DATE(YEAR(A48),MONTH(A48)+1,DAY(A48)) -> 46143 | B49: =SUM('144 Part'!B49:C49) -> 26328.832 | C49: =SUM('144 Part'!D49:G49) -> 62644.928 | D49: =SUM('144 Part'!H49:I49) -> 9183.776 | E49: =SUM('144 Part'!J49:M49) -> 22458.656
A50: =DATE(YEAR(A49),MONTH(A49)+1,DAY(A49)) -> 46174 | B50: =SUM('144 Part'!B50:C50) -> 24748.256 | C50: =SUM('144 Part'!D50:G50) -> 55821.312 | D50: =SUM('144 Part'!H50:I50) -> 9229.024 | E50: =SUM('144 Part'!J50:M50) -> 19183.008
A51: =DATE(YEAR(A50),MONTH(A50)+1,DAY(A50)) -> 46204 | B51: =SUM('144 Part'!B51:C51) -> 25939.36 | C51: =SUM('144 Part'!D51:G51) -> 69194.368 | D51: =SUM('144 Part'!H51:I51) -> 9532.096 | E51: =SUM('144 Part'!J51:M51) -> 25065.408
A52: =DATE(YEAR(A51),MONTH(A51)+1,DAY(A51)) -> 46235 | B52: =SUM('144 Part'!B52:C52) -> 24549.728 | C52: =SUM('144 Part'!D52:G52) -> 65111.392 | D52: =SUM('144 Part'!H52:I52) -> 10520.448 | E52: =SUM('144 Part'!J52:M52) -> 25559.072
A53: =DATE(YEAR(A52),MONTH(A52)+1,DAY(A52)) -> 46266 | B53: =SUM('144 Part'!B53:C53) -> 22868.288 | C53: =SUM('144 Part'!D53:G53) -> 56615.52 | D53: =SUM('144 Part'!H53:I53) -> 9949.952 | E53: =SUM('144 Part'!J53:M53) -> 23843.36
A54: =DATE(YEAR(A53),MONTH(A53)+1,DAY(A53)) -> 46296 | B54: =SUM('144 Part'!B54:C54) -> 22697.664 | C54: =SUM('144 Part'!D54:G54) -> 51421.472 | D54: =SUM('144 Part'!H54:I54) -> 7760.704 | E54: =SUM('144 Part'!J54:M54) -> 14765.152
A55: =DATE(YEAR(A54),MONTH(A54)+1,DAY(A54)) -> 46327 | B55: =SUM('144 Part'!B55:C55) -> 22398.368 | C55: =SUM('144 Part'!D55:G55) -> 53160.512 | D55: =SUM('144 Part'!H55:I55) -> 10142.176 | E55: =SUM('144 Part'!J55:M55) -> 20972.224
A56: =DATE(YEAR(A55),MONTH(A55)+1,DAY(A55)) -> 46357 | B56: =SUM('144 Part'!B56:C56) -> 18975.68 | C56: =SUM('144 Part'!D56:G56) -> 50195.328 | D56: =SUM('144 Part'!H56:I56) -> 7690.304 | E56: =SUM('144 Part'!J56:M56) -> 17546.72
A57: =DATE(YEAR(A56),MONTH(A56)+1,DAY(A56)) -> 46388 | B57: =SUM('144 Part'!B57:C57) -> 19525.6 | C57: =SUM('144 Part'!D57:G57) -> 52968.16 | D57: =SUM('144 Part'!H57:I57) -> 8240.096 | E57: =SUM('144 Part'!J57:M57) -> 20428.864
A59: Physical address: | B59: =VLOOKUP(B60,'Site List'!$A$9:$M$21,2,FALSE) -> Walters Road, Kingsland, Auckland
A60: ICP Number: | B60: ='Site List'!A11 -> 0157195775LCCFD
A61: GXP: | B61: =VLOOKUP(B60,'Site List'!$A$9:$M$21,3,FALSE) -> ROS1101
A62: Commencement: | B62: =VLOOKUP(B60,'Site List'!$A$9:$M$21,4,FALSE) -> 46054
A63: Load Group: | B63: =VLOOKUP(B60,'Site List'!$A$9:$M$21,5,FALSE) -> ATXT | C63: Demand: | D63: =VLOOKUP(B60,'Site List'!$A$9:$M$21,8,FALSE)
A64: Loss Factor: | B64: =VLOOKUP(B60,'Site List'!$A$9:$M$21,6,FALSE) -> VECA3 | C64: Capacity: | D64: =VLOOKUP(B60,'Site List'!$A$9:$M$21,7,FALSE) -> 1500
A65: Meter owner: | B65: =VLOOKUP(B60,'Site List'!$A$9:$M$21,9,FALSE) -> AMCI | C65: Cat: | D65: =VLOOKUP(B60,'Site List'!$A$9:$M$21,10,FALSE) -> 3
A66: Installation type: | B66: =VLOOKUP(B60,'Site List'!$A$9:$M$21,11,FALSE) -> L
A67: Current supplier: | B67: =VLOOKUP(B60,'Site List'!$A$9:$M$21,12,FALSE) -> Mercury
A68: Est. Usage: | B68: =SUM(B72:E83) -> 1695359.4 | C68: kWh/annum
A70: kWh | B70: Business Day | D70: Non Business day
B71: 0000-0800 | C71: 0800-2400 | D71: 0000-0800 | E71: 0800-2400
A72: =B62 -> 46054 | B72: =SUM('144 Part'!B72:C72) -> 22017.072 | C72: =SUM('144 Part'!D72:G72) -> 54151.968 | D72: =SUM('144 Part'!H72:I72) -> 8940.96 | E72: =SUM('144 Part'!J72:M72) -> 21104.472
A73: =DATE(YEAR(A72),MONTH(A72)+1,DAY(A72)) -> 46082 | B73: =SUM('144 Part'!B73:C73) -> 25495.656 | C73: =SUM('144 Part'!D73:G73) -> 68746.56 | D73: =SUM('144 Part'!H73:I73) -> 13137.336 | E73: =SUM('144 Part'!J73:M73) -> 28123.248
A74: =DATE(YEAR(A73),MONTH(A73)+1,DAY(A73)) -> 46113 | B74: =SUM('144 Part'!B74:C74) -> 26304.816 | C74: =SUM('144 Part'!D74:G74) -> 63313.32 | D74: =SUM('144 Part'!H74:I74) -> 10116.84 | E74: =SUM('144 Part'!J74:M74) -> 25378.824
A75: =DATE(YEAR(A74),MONTH(A74)+1,DAY(A74)) -> 46143 | B75: =SUM('144 Part'!B75:C75) -> 30979.824 | C75: =SUM('144 Part'!D75:G75) -> 81861.096 | D75: =SUM('144 Part'!H75:I75) -> 12868.992 | E75: =SUM('144 Part'!J75:M75) -> 30734.04
A76: =DATE(YEAR(A75),MONTH(A75)+1,DAY(A75)) -> 46174 | B76: =SUM('144 Part'!B76:C76) -> 30246.672 | C76: =SUM('144 Part'!D76:G76) -> 68468.328 | D76: =SUM('144 Part'!H76:I76) -> 12471.216 | E76: =SUM('144 Part'!J76:M76) -> 24792.24
A77: =DATE(YEAR(A76),MONTH(A76)+1,DAY(A76)) -> 46204 | B77: =SUM('144 Part'!B77:C77) -> 41211.096 | C77: =SUM('144 Part'!D77:G77) -> 94803.552 | D77: =SUM('144 Part'!H77:I77) -> 14868.36 | E77: =SUM('144 Part'!J77:M77) -> 35388.624
A78: =DATE(YEAR(A77),MONTH(A77)+1,DAY(A77)) -> 46235 | B78: =SUM('144 Part'!B78:C78) -> 37915.968 | C78: =SUM('144 Part'!D78:G78) -> 89560.8 | D78: =SUM('144 Part'!H78:I78) -> 16136.04 | E78: =SUM('144 Part'!J78:M78) -> 36075.168
A79: =DATE(YEAR(A78),MONTH(A78)+1,DAY(A78)) -> 46266 | B79: =SUM('144 Part'!B79:C79) -> 35055.816 | C79: =SUM('144 Part'!D79:G79) -> 76975.8 | D79: =SUM('144 Part'!H79:I79) -> 15228.336 | E79: =SUM('144 Part'!J79:M79) -> 31706.496
A80: =DATE(YEAR(A79),MONTH(A79)+1,DAY(A79)) -> 46296 | B80: =SUM('144 Part'!B80:C80) -> 33718.8 | C80: =SUM('144 Part'!D80:G80) -> 77016.528 | D80: =SUM('144 Part'!H80:I80) -> 11327.496 | E80: =SUM('144 Part'!J80:M80) -> 22763.664
A81: =DATE(YEAR(A80),MONTH(A80)+1,DAY(A80)) -> 46327 | B81: =SUM('144 Part'!B81:C81) -> 27216.384 | C81: =SUM('144 Part'!D81:G81) -> 65002.464 | D81: =SUM('144 Part'!H81:I81) -> 12196.056 | E81: =SUM('144 Part'!J81:M81) -> 26201.136
A82: =DATE(YEAR(A81),MONTH(A81)+1,DAY(A81)) -> 46357 | B82: =SUM('144 Part'!B82:C82) -> 24033.048 | C82: =SUM('144 Part'!D82:G82) -> 60499.176 | D82: =SUM('144 Part'!H82:I82) -> 9644.184 | E82: =SUM('144 Part'!J82:M82) -> 21613.32
A83: =DATE(YEAR(A82),MONTH(A82)+1,DAY(A82)) -> 46388 | B83: =SUM('144 Part'!B83:C83) -> 24929.856 | C83: =SUM('144 Part'!D83:G83) -> 62250.024 | D83: =SUM('144 Part'!H83:I83) -> 9925.728 | E83: =SUM('144 Part'!J83:M83) -> 22842.048
A85: Physical address: | B85: =VLOOKUP(B86,'Site List'!$A$9:$M$21,2,FALSE) -> 4-42 Reimers Avenue, Mount Eden, Auckland
A86: ICP Number: | B86: ='Site List'!A12 -> 1001153957LC737
A87: GXP: | B87: =VLOOKUP(B86,'Site List'!$A$9:$M$21,3,FALSE) -> ROS1101
A88: Commencement: | B88: =VLOOKUP(B86,'Site List'!$A$9:$M$21,4,FALSE) -> 46054
A89: Load Group: | B89: =VLOOKUP(B86,'Site List'!$A$9:$M$21,5,FALSE) -> ATXT | C89: Demand: | D89: =VLOOKUP(B86,'Site List'!$A$9:$M$21,8,FALSE)
A90: Loss Factor: | B90: =VLOOKUP(B86,'Site List'!$A$9:$M$21,6,FALSE) -> VECA3 | C90: Capacity: | D90: =VLOOKUP(B86,'Site List'!$A$9:$M$21,7,FALSE) -> 1000
A91: Meter owner: | B91: =VLOOKUP(B86,'Site List'!$A$9:$M$21,9,FALSE) -> AMCI | C91: Cat: | D91: =VLOOKUP(B86,'Site List'!$A$9:$M$21,10,FALSE) -> 4
A92: Installation type: | B92: =VLOOKUP(B86,'Site List'!$A$9:$M$21,11,FALSE) -> L
A93: Current supplier: | B93: =VLOOKUP(B86,'Site List'!$A$9:$M$21,12,FALSE) -> Mercury
A94: Est. Usage: | B94: =SUM(B98:E109) -> 2283477.7 | C94: kWh/annum
A96: kWh | B96: Business Day | D96: Non Business day
B97: 0000-0800 | C97: 0800-2400 | D97: 0000-0800 | E97: 0800-2400
A98: =B88 -> 46054 | B98: =SUM('144 Part'!B98:C98) -> 36077.888 | C98: =SUM('144 Part'!D98:G98) -> 99968.224 | D98: =SUM('144 Part'!H98:I98) -> 14544.928 | E98: =SUM('144 Part'!J98:M98) -> 37519.52
A99: =DATE(YEAR(A98),MONTH(A98)+1,DAY(A98)) -> 46082 | B99: =SUM('144 Part'!B99:C99) -> 39627.552 | C99: =SUM('144 Part'!D99:G99) -> 112879.17 | D99: =SUM('144 Part'!H99:I99) -> 18750.496 | E99: =SUM('144 Part'!J99:M99) -> 46358.848
A100: =DATE(YEAR(A99),MONTH(A99)+1,DAY(A99)) -> 46113 | B100: =SUM('144 Part'!B100:C100) -> 37017.856 | C100: =SUM('144 Part'!D100:G100) -> 100166.21 | D100: =SUM('144 Part'!H100:I100) -> 14127.84 | E100: =SUM('144 Part'!J100:M100) -> 38660.576
A101: =DATE(YEAR(A100),MONTH(A100)+1,DAY(A100)) -> 46143 | B101: =SUM('144 Part'!B101:C101) -> 34597.088 | C101: =SUM('144 Part'!D101:G101) -> 100626.56 | D101: =SUM('144 Part'!H101:I101) -> 13854.176 | E101: =SUM('144 Part'!J101:M101) -> 36417.952
A102: =DATE(YEAR(A101),MONTH(A101)+1,DAY(A101)) -> 46174 | B102: =SUM('144 Part'!B102:C102) -> 30926.08 | C102: =SUM('144 Part'!D102:G102) -> 86799.296 | D102: =SUM('144 Part'!H102:I102) -> 12518.656 | E102: =SUM('144 Part'!J102:M102) -> 30490.24
A103: =DATE(YEAR(A102),MONTH(A102)+1,DAY(A102)) -> 46204 | B103: =SUM('144 Part'!B103:C103) -> 38687.456 | C103: =SUM('144 Part'!D103:G103) -> 103058.05 | D103: =SUM('144 Part'!H103:I103) -> 14143.168 | E103: =SUM('144 Part'!J103:M103) -> 36504.288
A104: =DATE(YEAR(A103),MONTH(A103)+1,DAY(A103)) -> 46235 | B104: =SUM('144 Part'!B104:C104) -> 37225.44 | C104: =SUM('144 Part'!D104:G104) -> 101850.72 | D104: =SUM('144 Part'!H104:I104) -> 15727.616 | E104: =SUM('144 Part'!J104:M104) -> 40642.272
A105: =DATE(YEAR(A104),MONTH(A104)+1,DAY(A104)) -> 46266 | B105: =SUM('144 Part'!B105:C105) -> 35632.288 | C105: =SUM('144 Part'!D105:G105) -> 93254.08 | D105: =SUM('144 Part'!H105:I105) -> 14955.104 | E105: =SUM('144 Part'!J105:M105) -> 40482.272
A106: =DATE(YEAR(A105),MONTH(A105)+1,DAY(A105)) -> 46296 | B106: =SUM('144 Part'!B106:C106) -> 39420.8 | C106: =SUM('144 Part'!D106:G106) -> 104242.4 | D106: =SUM('144 Part'!H106:I106) -> 12935.68 | E106: =SUM('144 Part'!J106:M106) -> 31270.752
A107: =DATE(YEAR(A106),MONTH(A106)+1,DAY(A106)) -> 46327 | B107: =SUM('144 Part'!B107:C107) -> 37974.912 | C107: =SUM('144 Part'!D107:G107) -> 101857.44 | D107: =SUM('144 Part'!H107:I107) -> 16751.648 | E107: =SUM('144 Part'!J107:M107) -> 40046.4
A108: =DATE(YEAR(A107),MONTH(A107)+1,DAY(A107)) -> 46357 | B108: =SUM('144 Part'!B108:C108) -> 36364.064 | C108: =SUM('144 Part'!D108:G108) -> 96595.264 | D108: =SUM('144 Part'!H108:I108) -> 14645.376 | E108: =SUM('144 Part'!J108:M108) -> 35658.72
A109: =DATE(YEAR(A108),MONTH(A108)+1,DAY(A108)) -> 46388 | B109: =SUM('144 Part'!B109:C109) -> 39543.84 | C109: =SUM('144 Part'!D109:G109) -> 107511.62 | D109: =SUM('144 Part'!H109:I109) -> 15502.784 | E109: =SUM('144 Part'!J109:M109) -> 39064.128
A112: All totals are estimates based on historical information
A113: No liability is accepted for any error or omission

Sheet 144 Part
A2: ='48 Part'!A2:N3 -> REQUEST FOR PROPOSAL - THE EDEN PARK TRUST
A5: Postal address: | B5: ='48 Part'!B5 -> Private Bag 56906, Mount Eden, Auckland 1446
A7: Physical address: | B7: ='48 Part'!B7 -> 2 A Reimers Avenue, Morningside, Auckland
A8: ICP Number: | B8: ='48 Part'!B8 -> 0132426315LC55E
A9: GXP: | B9: ='48 Part'!B9 -> ROS1101
A10: Commencement: | B10: ='48 Part'!B10 -> 46054
A11: Load Group: | B11: ='48 Part'!B11 -> AHVT | C11: Demand: | D11: ='48 Part'!D11
A12: Loss Factor: | B12: ='48 Part'!B12 -> VECA3 | C12: Capacity: | D12: ='48 Part'!D12 -> 650
A13: Meter owner: | B13: ='48 Part'!B13 -> AMCI | C13: Cat: | D13: ='48 Part'!D13 -> 4
A14: Installation type: | B14: ='48 Part'!B14 -> L
A15: Current supplier: | B15: ='48 Part'!B15 -> Mercury
A16: Est. Usage: | B16: =SUM(B20:M31) -> 1403702.5 | C16: kWh/annum
A18: kWh | B18: Business Day | H18: Non Business Day
B19: 0000-0400 | C19: 0400-0800 | D19: 0800-1200 | E19: 1200-1600 | F19: 1600-2000 | G19: 2000-2400 | H19: 0000-0400 | I19: 0400-0800 | J19: 0800-1200 | K19: 1200-1600 | L19: 1600-2000 | M19: 2000-2400
A20: =B10 -> 46054 | B20: 9911.8 | C20: 10908.68 | D20: 13577.92 | E20: 14287.24 | F20: 12245.12 | G20: 11004.6 | H20: 4066.64 | I20: 4218.6 | J20: 4628.2 | K20: 5346.24 | L20: 5697.44 | M20: 4937.28
A21: =DATE(YEAR(A20),MONTH(A20)+1,DAY(A20)) -> 46082 | B21: 10960.52 | C21: 12086.6 | D21: 16233.17 | E21: 16151.32 | F21: 16125.2 | G21: 14319.68 | H21: 5795.24 | I21: 5666.64 | J21: 5931 | K21: 6232 | L21: 6778.92 | M21: 6163.4
A22: =DATE(YEAR(A21),MONTH(A21)+1,DAY(A21)) -> 46113 | B22: 11177.64 | C22: 12999.36 | D22: 15592.08 | E22: 15082.32 | F22: 13851.68 | G22: 12369.84 | H22: 4557.64 | I22: 4721.88 | J22: 5341.6 | K22: 6164 | L22: 6967.32 | M22: 5784.8
A23: =DATE(YEAR(A22),MONTH(A22)+1,DAY(A22)) -> 46143 | B23: 11722.84 | C23: 14741.44 | D23: 18550.48 | E23: 17546.88 | F23: 17414.52 | G23: 14454.28 | H23: 5043.68 | I23: 5945.68 | J23: 6521.24 | K23: 6795.52 | L23: 7042.12 | M23: 5977.92
A24: =DATE(YEAR(A23),MONTH(A23)+1,DAY(A23)) -> 46174 | B24: 10713.2 | C24: 14026.84 | D24: 17330.76 | E24: 16521.76 | F24: 15876.6 | G24: 13057.36 | H24: 4596.04 | I24: 5600.08 | J24: 5862.48 | K24: 5778.56 | L24: 5830.48 | M24: 5278.44
A25: =DATE(YEAR(A24),MONTH(A24)+1,DAY(A24)) -> 46204 | B25: 14253.96 | C25: 17354.44 | D25: 20503.64 | E25: 19686.08 | F25: 18451.44 | G25: 16346.92 | H25: 5253.28 | I25: 5908.24 | J25: 6587.08 | K25: 6965.96 | L25: 7149.24 | M25: 6342.12
A26: =DATE(YEAR(A25),MONTH(A25)+1,DAY(A25)) -> 46235 | B26: 9672.84 | C26: 12102.12 | D26: 14817.28 | E26: 14413.2 | F26: 13829.2 | G26: 11843.72 | H26: 4708.12 | I26: 5186.24 | J26: 5654.04 | K26: 5846.88 | L26: 6716.48 | M26: 5660.6
A27: =DATE(YEAR(A26),MONTH(A26)+1,DAY(A26)) -> 46266 | B27: 10489.6 | C27: 11680.16 | D27: 14335.44 | E27: 13774.12 | F27: 13210.08 | G27: 11820.52 | H27: 4151.12 | I27: 4641.44 | J27: 5189.68 | K27: 5362.44 | L27: 5408.88 | M27: 5046.08
A28: =DATE(YEAR(A27),MONTH(A27)+1,DAY(A27)) -> 46296 | B28: 12448.96 | C28: 13947.68 | D28: 17201.08 | E28: 16859.08 | F28: 15503.96 | G28: 14044.96 | H28: 4209.12 | I28: 4525.88 | J28: 4799.12 | K28: 5050.56 | L28: 4720.48 | M28: 4539.64
A29: =DATE(YEAR(A28),MONTH(A28)+1,DAY(A28)) -> 46327 | B29: 11460.4 | C29: 12725.6 | D29: 15128.84 | E29: 15270.12 | F29: 15252.08 | G29: 13631.36 | H29: 5253.2 | I29: 5508.88 | J29: 5976.52 | K29: 6079.52 | L29: 6199.48 | M29: 5747.68
A30: =DATE(YEAR(A29),MONTH(A29)+1,DAY(A29)) -> 46357 | B30: 10482.16 | C30: 11393.4 | D30: 13305 | E30: 13400.56 | F30: 12925.52 | G30: 11655.24 | H30: 4229.16 | I30: 4498.56 | J30: 4813.96 | K30: 4968.92 | L30: 4897.2 | M30: 4593.52
A31: =DATE(YEAR(A30),MONTH(A30)+1,DAY(A30)) -> 46388 | B31: 11326.2 | C31: 12525.92 | D31: 15561.88 | E31: 16342.44 | F31: 15432.2 | G31: 13054.72 | H31: 4673.52 | I31: 4582.44 | J31: 5087.48 | K31: 5766.76 | L31: 6050.4 | M31: 5575.64
A33: Physical address: | B33: ='48 Part'!B33 -> Walters Road, Kingsland, Auckland
A34: ICP Number: | B34: ='48 Part'!B34 -> 0138572097LCAAE
A35: GXP: | B35: ='48 Part'!B35 -> ROS1101
A36: Commencement: | B36: ='48 Part'!B36 -> 46054
A37: Load Group: | B37: ='48 Part'!B37 -> ATXT | C37: Demand: | D37: ='48 Part'!D37
A38: Loss Factor: | B38: ='48 Part'!B38 -> VECA3 | C38: Capacity: | D38: ='48 Part'!D38 -> 750
A39: Meter owner: | B39: ='48 Part'!B39 -> AMCI | C39: Cat: | D39: ='48 Part'!D39 -> 4
A40: Installation type: | B40: ='48 Part'!B40 -> L
A41: Current supplier: | B41: ='48 Part'!B41 -> Mercury
A42: Est. Usage: | B42: =SUM(B46:M57) -> 1294789.2 | C42: kWh/annum
A44: kWh | B44: Business Day | H44: Non Business Day
B45: 0000-0400 | C45: 0400-0800 | D45: 0800-1200 | E45: 1200-1600 | F45: 1600-2000 | G45: 2000-2400 | H45: 0000-0400 | I45: 0400-0800 | J45: 0800-1200 | K45: 1200-1600 | L45: 1600-2000 | M45: 2000-2400
A46: =B36 -> 46054 | B46: 8026.56 | C46: 9265.6 | D46: 12259.968 | E46: 14362.336 | F46: 12562.208 | G46: 10720.576 | H46: 3370.688 | I46: 3587.104 | J46: 4072.992 | K46: 5244.256 | L46: 5333.6 | M46: 4399.616
A47: =DATE(YEAR(A46),MONTH(A46)+1,DAY(A46)) -> 46082 | B47: 8787.616 | C47: 9700.416 | D47: 13603.2 | E47: 15496.256 | F47: 15085.344 | G47: 12867.84 | H47: 5084.384 | I47: 5098.528 | J47: 5484.544 | K47: 6369.888 | L47: 6655.744 | M47: 5861.216
A48: =DATE(YEAR(A47),MONTH(A47)+1,DAY(A47)) -> 46113 | B48: 8446.304 | C48: 9909.152 | D48: 12549.088 | E48: 13164.64 | F48: 12299.488 | G48: 10563.616 | H48: 3757.024 | I48: 3483.744 | J48: 4076.352 | K48: 5303.744 | L48: 5903.712 | M48: 4796
A49: =DATE(YEAR(A48),MONTH(A48)+1,DAY(A48)) -> 46143 | B49: 11211.744 | C49: 15117.088 | D49: 16464.544 | E49: 16389.216 | F49: 16686.24 | G49: 13104.928 | H49: 4351.04 | I49: 4832.736 | J49: 5318.016 | K49: 5913.184 | L49: 6034.208 | M49: 5193.248
A50: =DATE(YEAR(A49),MONTH(A49)+1,DAY(A49)) -> 46174 | B50: 10408.8 | C50: 14339.456 | D50: 15385.632 | E50: 13925.664 | F50: 14180.352 | G50: 12329.664 | H50: 4374.592 | I50: 4854.432 | J50: 4775.744 | K50: 4487.168 | L50: 5021.728 | M50: 4898.368
A51: =DATE(YEAR(A50),MONTH(A50)+1,DAY(A50)) -> 46204 | B51: 11829.6 | C51: 14109.76 | D51: 17165.76 | E51: 18380.832 | F51: 18080.384 | G51: 15567.392 | H51: 4544 | I51: 4988.096 | J51: 5680.032 | K51: 6454.976 | L51: 6898.656 | M51: 6031.744
A52: =DATE(YEAR(A51),MONTH(A51)+1,DAY(A51)) -> 46235 | B52: 11316.832 | C52: 13232.896 | D52: 15973.216 | E52: 16755.68 | F52: 17103.68 | G52: 15278.816 | H52: 5153.184 | I52: 5367.264 | J52: 5750.976 | K52: 6188.736 | L52: 7262.816 | M52: 6356.544
A53: =DATE(YEAR(A52),MONTH(A52)+1,DAY(A52)) -> 46266 | B53: 10624.288 | C53: 12244 | D53: 14060.32 | E53: 14351.456 | F53: 14907.808 | G53: 13295.936 | H53: 4542.528 | I53: 5407.424 | J53: 5934.272 | K53: 5979.104 | L53: 6092.128 | M53: 5837.856
A54: =DATE(YEAR(A53),MONTH(A53)+1,DAY(A53)) -> 46296 | B54: 10615.392 | C54: 12082.272 | D54: 13475.904 | E54: 12909.888 | F54: 12563.84 | G54: 12471.84 | H54: 3696.16 | I54: 4064.544 | J54: 3778.976 | K54: 3543.392 | L54: 3614.336 | M54: 3828.448
A55: =DATE(YEAR(A54),MONTH(A54)+1,DAY(A54)) -> 46327 | B55: 10733.536 | C55: 11664.832 | D55: 13206.464 | E55: 13669.76 | F55: 13542.496 | G55: 12741.792 | H55: 4915.776 | I55: 5226.4 | J55: 5280.704 | K55: 5212.864 | L55: 5297.28 | M55: 5181.376
A56: =DATE(YEAR(A55),MONTH(A55)+1,DAY(A55)) -> 46357 | B56: 8957.408 | C56: 10018.272 | D56: 12588.992 | E56: 13487.584 | F56: 13007.264 | G56: 11111.488 | H56: 3643.52 | I56: 4046.784 | J56: 4320.032 | K56: 4532.768 | L56: 4496.96 | M56: 4196.96
A57: =DATE(YEAR(A56),MONTH(A56)+1,DAY(A56)) -> 46388 | B57: 9105.792 | C57: 10419.808 | D57: 12682.848 | E57: 14760.448 | F57: 14029.472 | G57: 11495.392 | H57: 4074.432 | I57: 4165.664 | J57: 4345.984 | K57: 5283.584 | L57: 5821.92 | M57: 4977.376
A59: Physical address: | B59: ='48 Part'!B59 -> Walters Road, Kingsland, Auckland
A60: ICP Number: | B60: ='48 Part'!B60 -> 0157195775LCCFD
A61: GXP: | B61: ='48 Part'!B61 -> ROS1101
A62: Commencement: | B62: ='48 Part'!B62 -> 46054
A63: Load Group: | B63: ='48 Part'!B63 -> ATXT | C63: Demand: | D63: ='48 Part'!D63
A64: Loss Factor: | B64: ='48 Part'!B64 -> VECA3 | C64: Capacity: | D64: ='48 Part'!D64 -> 1500
A65: Meter owner: | B65: ='48 Part'!B65 -> AMCI | C65: Cat: | D65: ='48 Part'!D65 -> 3
A66: Installation type: | B66: ='48 Part'!B66 -> L
A67: Current supplier: | B67: ='48 Part'!B67 -> Mercury
A68: Est. Usage: | B68: =SUM(B72:M83) -> 1695359.4 | C68: kWh/annum
A70: kWh | B70: Business Day | H70: Non Business Day
B71: 0000-0400 | C71: 0400-0800 | D71: 0800-1200 | E71: 1200-1600 | F71: 1600-2000 | G71: 2000-2400 | H71: 0000-0400 | I71: 0400-0800 | J71: 0800-1200 | K71: 1200-1600 | L71: 1600-2000 | M71: 2000-2400
A72: =B62 -> 46054 | B72: 10693.656 | C72: 11323.416 | D72: 13910.712 | E72: 15242.76 | F72: 13255.728 | G72: 11742.768 | H72: 4452.552 | I72: 4488.408 | J72: 4949.688 | K72: 5452.128 | L72: 5693.256 | M72: 5009.4
A73: =DATE(YEAR(A72),MONTH(A72)+1,DAY(A72)) -> 46082 | B73: 12054.576 | C73: 13441.08 | D73: 17588.568 | E73: 18327.528 | F73: 17590.416 | G73: 15240.048 | H73: 6596.736 | I73: 6540.6 | J73: 6966.96 | K73: 7179.96 | L73: 7318.056 | M73: 6658.272
A74: =DATE(YEAR(A73),MONTH(A73)+1,DAY(A73)) -> 46113 | B74: 12584.976 | C74: 13719.84 | D74: 17296.872 | E74: 17019.624 | F74: 15189.024 | G74: 13807.8 | H74: 5244.072 | I74: 4872.768 | J74: 5532.288 | K74: 6639.984 | L74: 7194.6 | M74: 6011.952
A75: =DATE(YEAR(A74),MONTH(A74)+1,DAY(A74)) -> 46143 | B75: 14544.528 | C75: 16435.296 | D75: 21036.72 | E75: 22208.376 | F75: 21428.136 | G75: 17187.864 | H75: 6085.032 | I75: 6783.96 | J75: 7439.928 | K75: 7970.376 | L75: 8273.952 | M75: 7049.784
A76: =DATE(YEAR(A75),MONTH(A75)+1,DAY(A75)) -> 46174 | B76: 14129.256 | C76: 16117.416 | D76: 18467.064 | E76: 17252.04 | F76: 16993.848 | G76: 15755.376 | H76: 5826.144 | I76: 6645.072 | J76: 6338.808 | K76: 5659.368 | L76: 6252.432 | M76: 6541.632
A77: =DATE(YEAR(A76),MONTH(A76)+1,DAY(A76)) -> 46204 | B77: 19412.208 | C77: 21798.888 | D77: 25271.328 | E77: 23807.088 | F77: 23875.176 | G77: 21849.96 | H77: 7179.936 | I77: 7688.424 | J77: 8233.584 | K77: 8871.648 | L77: 9590.16 | M77: 8693.232
A78: =DATE(YEAR(A77),MONTH(A77)+1,DAY(A77)) -> 46235 | B78: 17873.184 | C78: 20042.784 | D78: 23509.752 | E78: 22872.048 | F78: 22686.312 | G78: 20492.688 | H78: 7790.112 | I78: 8345.928 | J78: 8645.976 | K78: 8616.912 | L78: 9862.152 | M78: 8950.128
A79: =DATE(YEAR(A78),MONTH(A78)+1,DAY(A78)) -> 46266 | B79: 16230.936 | C79: 18824.88 | D79: 21021.672 | E79: 19263.576 | F79: 18430.608 | G79: 18259.944 | H79: 7069.632 | I79: 8158.704 | J79: 7857.744 | K79: 7938.312 | L79: 7840.536 | M79: 8069.904
A80: =DATE(YEAR(A79),MONTH(A79)+1,DAY(A79)) -> 46296 | B80: 15335.904 | C80: 18382.896 | D80: 21157.392 | E80: 19288.152 | F80: 18523.872 | G80: 18047.112 | H80: 5044.536 | I80: 6282.96 | J80: 6427.896 | K80: 5501.928 | L80: 5514.36 | M80: 5319.48
A81: =DATE(YEAR(A80),MONTH(A80)+1,DAY(A80)) -> 46327 | B81: 12521.592 | C81: 14694.792 | D81: 15919.656 | E81: 16170.264 | F81: 17385.024 | G81: 15527.52 | H81: 5664.552 | I81: 6531.504 | J81: 6705.384 | K81: 6458.016 | L81: 6797.832 | M81: 6239.904
A82: =DATE(YEAR(A81),MONTH(A81)+1,DAY(A81)) -> 46357 | B82: 11069.808 | C82: 12963.24 | D82: 15358.32 | E82: 15763.896 | F82: 16057.704 | G82: 13319.256 | H82: 4459.344 | I82: 5184.84 | J82: 5514.36 | K82: 5488.632 | L82: 5455.152 | M82: 5155.176
A83: =DATE(YEAR(A82),MONTH(A82)+1,DAY(A82)) -> 46388 | B83: 11663.256 | C83: 13266.6 | D83: 15727.896 | E83: 16710.456 | F83: 16113.216 | G83: 13698.456 | H83: 4860.696 | I83: 5065.032 | J83: 5353.368 | K83: 5585.904 | L83: 6233.304 | M83: 5669.472
A85: Physical address: | B85: ='48 Part'!B85 -> 4-42 Reimers Avenue, Mount Eden, Auckland
A86: ICP Number: | B86: ='48 Part'!B86 -> 1001153957LC737
A87: GXP: | B87: ='48 Part'!B87 -> ROS1101
A88: Commencement: | B88: ='48 Part'!B88 -> 46054
A89: Load Group: | B89: ='48 Part'!B89 -> ATXT | C89: Demand: | D89: ='48 Part'!D89
A90: Loss Factor: | B90: ='48 Part'!B90 -> VECA3 | C90: Capacity: | D90: ='48 Part'!D90 -> 1000
A91: Meter owner: | B91: ='48 Part'!B91 -> AMCI | C91: Cat: | D91: ='48 Part'!D91 -> 4
A92: Installation type: | B92: ='48 Part'!B92 -> L
A93: Current supplier: | B93: ='48 Part'!B93 -> Mercury
A94: Est. Usage: | B94: =SUM(B98:M109) -> 2283477.7 | C94: kWh/annum
A96: kWh | B96: Business Day | H96: Non Business Day
B97: 0000-0400 | C97: 0400-0800 | D97: 0800-1200 | E97: 1200-1600 | F97: 1600-2000 | G97: 2000-2400 | H97: 0000-0400 | I97: 0400-0800 | J97: 0800-1200 | K97: 1200-1600 | L97: 1600-2000 | M97: 2000-2400
A98: =B88 -> 46054 | B98: 15695.072 | C98: 20382.816 | D98: 26215.36 | E98: 28062.624 | F98: 25186.272 | G98: 20503.968 | H98: 6531.104 | I98: 8013.824 | J98: 9052.768 | K98: 9932.608 | L98: 10168.8 | M98: 8365.344
A99: =DATE(YEAR(A98),MONTH(A98)+1,DAY(A98)) -> 46082 | B99: 17446.304 | C99: 22181.248 | D99: 28613.696 | E99: 30132.832 | F99: 29563.904 | G99: 24568.736 | H99: 8627.712 | I99: 10122.784 | J99: 11152.064 | K99: 12013.536 | L99: 12522.144 | M99: 10671.104
A100: =DATE(YEAR(A99),MONTH(A99)+1,DAY(A99)) -> 46113 | B100: 16283.456 | C100: 20734.4 | D100: 26901.824 | E100: 27446.272 | F100: 24902.944 | G100: 20915.168 | H100: 6622.528 | I100: 7505.312 | J100: 9130.304 | K100: 10171.872 | L100: 10717.696 | M100: 8640.704
A101: =DATE(YEAR(A100),MONTH(A100)+1,DAY(A100)) -> 46143 | B101: 15282.976 | C101: 19314.112 | D101: 26339.136 | E101: 27146.272 | F101: 25856.672 | G101: 21284.48 | H101: 6444.224 | I101: 7409.952 | J101: 9163.872 | K101: 9648.416 | L101: 9651.872 | M101: 7953.792
A102: =DATE(YEAR(A101),MONTH(A101)+1,DAY(A101)) -> 46174 | B102: 13390.272 | C102: 17535.808 | D102: 23636.736 | E102: 23328.448 | F102: 21818.592 | G102: 18015.52 | H102: 5755.488 | I102: 6763.168 | J102: 7973.76 | K102: 8002.56 | L102: 7706.08 | M102: 6807.84
A103: =DATE(YEAR(A102),MONTH(A102)+1,DAY(A102)) -> 46204 | B103: 17760.256 | C103: 20927.2 | D103: 28118.208 | E103: 28434.112 | F103: 25047.52 | G103: 21458.208 | H103: 6734.016 | I103: 7409.152 | J103: 8839.552 | K103: 9529.12 | L103: 9689.568 | M103: 8446.048
A104: =DATE(YEAR(A103),MONTH(A103)+1,DAY(A103)) -> 46235 | B104: 16430.496 | C104: 20794.944 | D104: 27271.744 | E104: 27523.04 | F104: 25357.152 | G104: 21698.784 | H104: 7431.808 | I104: 8295.808 | J104: 9717.344 | K104: 10448.192 | L104: 11213.408 | M104: 9263.328
A105: =DATE(YEAR(A104),MONTH(A104)+1,DAY(A104)) -> 46266 | B105: 15766.528 | C105: 19865.76 | D105: 25315.648 | E105: 25358.208 | F105: 23026.56 | G105: 19553.664 | H105: 6707.584 | I105: 8247.52 | J105: 9901.152 | K105: 10642.688 | L105: 10661.152 | M105: 9277.28
A106: =DATE(YEAR(A105),MONTH(A105)+1,DAY(A105)) -> 46296 | B106: 17747.84 | C106: 21672.96 | D106: 27566.368 | E106: 28210.496 | F106: 25896.16 | G106: 22569.376 | H106: 5933.248 | I106: 7002.432 | J106: 8044.608 | K106: 8300.512 | L106: 7851.328 | M106: 7074.304
A107: =DATE(YEAR(A106),MONTH(A106)+1,DAY(A106)) -> 46327 | B107: 17222.24 | C107: 20752.672 | D107: 26107.904 | E107: 27320.576 | F107: 26030.784 | G107: 22398.176 | H107: 7908.512 | I107: 8843.136 | J107: 10246.144 | K107: 10369.952 | L107: 10296.544 | M107: 9133.76
A108: =DATE(YEAR(A107),MONTH(A107)+1,DAY(A107)) -> 46357 | B108: 15727.52 | C108: 20636.544 | D108: 25510.88 | E108: 25847.104 | F108: 24611.68 | G108: 20625.6 | H108: 6483.008 | I108: 8162.368 | J108: 9175.744 | K108: 9365.184 | L108: 9208.608 | M108: 7909.184
A109: =DATE(YEAR(A108),MONTH(A108)+1,DAY(A108)) -> 46388 | B109: 17456 | C109: 22087.84 | D109: 27393.888 | E109: 29175.776 | F109: 28071.072 | G109: 22870.88 | H109: 7157.696 | I109: 8345.088 | J109: 9408.928 | K109: 10142.56 | L109: 10548.736 | M109: 8963.904
A112: All totals are estimates based on historical information
A113: No liability is accepted for any error or omission
